                  epoch,         train/box_loss,         train/cls_loss,         train/dfl_loss,   metrics/precision(B),      metrics/recall(B),       metrics/mAP50(B),    metrics/mAP50-95(B),           val/box_loss,           val/cls_loss,           val/dfl_loss,                 lr/pg0,                 lr/pg1,                 lr/pg2
                      1,                0.70988,                 1.2517,                 1.0151,                0.56934,                0.73128,                0.61748,                0.47027,                0.81277,                 2.0085,                 1.0172,             0.00066265,             0.00066265,             0.00066265
                      2,                0.81181,                 1.0233,                 1.0663,                0.68485,                0.69384,                 0.7028,                0.53445,                0.87197,                 1.1514,                  1.044,               0.001323,               0.001323,               0.001323
                      3,                 0.7943,                0.94052,                 1.0456,                0.67344,                 0.6878,                0.66827,                0.50566,                0.84245,                 1.9313,                 1.0628,              0.0019769,              0.0019769,              0.0019769
                      4,                0.77056,                0.88234,                 1.0451,                0.69959,                0.78049,                0.78056,                0.61067,                0.78039,                 1.0205,                0.99909,              0.0019713,              0.0019713,              0.0019713
                      5,                0.73502,                0.84747,                 1.0319,                0.70857,                0.77234,                0.76471,                0.59842,                0.76845,                0.89182,                 1.0013,              0.0019617,              0.0019617,              0.0019617
                      6,                0.71662,                0.83869,                 1.0129,                0.70861,                0.75922,                0.76498,                0.59704,                0.74458,                0.94419,                0.98173,              0.0019522,              0.0019522,              0.0019522
