                  epoch,         train/box_loss,         train/cls_loss,         train/dfl_loss,   metrics/precision(B),      metrics/recall(B),       metrics/mAP50(B),    metrics/mAP50-95(B),           val/box_loss,           val/cls_loss,           val/dfl_loss,                 lr/pg0,                 lr/pg1,                 lr/pg2
                      1,                0.70988,                 1.2517,                 1.0151,                0.56934,                0.73128,                0.61748,                0.47027,                0.81277,                 2.0085,                 1.0172,             0.00066265,             0.00066265,             0.00066265
                      2,                0.81181,                 1.0233,                 1.0663,                0.68485,                0.69384,                 0.7028,                0.53445,                0.87197,                 1.1514,                  1.044,               0.001323,               0.001323,               0.001323
                      3,                 0.7943,                0.94052,                 1.0456,                0.67344,                 0.6878,                0.66827,                0.50566,                0.84245,                 1.9313,                 1.0628,              0.0019769,              0.0019769,              0.0019769
